<KenKen>
	<partida>
		<nivel_de_dificultad>Medio</nivel_de_dificultad>
		<jaula>10x; (1, 1); (1, 2); (2, 1)</jaula>
		<jaula>2/; (1, 3); (2, 3)</jaula>
		<jaula>15+; (1, 4); (2, 4); (3, 4)</jaula>
		<jaula>2-; (1, 5); (1, 6)</jaula>
		<jaula>6; (2, 2)</jaula>
		<jaula>10+; (2, 5); (2, 6); (3, 5)</jaula>
		<jaula>6+; (3, 1); (3, 2); (3, 3)</jaula>
		<jaula>2-; (3, 6); (4, 6)</jaula>
		<jaula>60x; (4, 1); (4, 2); (4, 3); (4, 4)</jaula>
		<jaula>10+; (4, 5); (5, 4); (5, 5)</jaula>
		<jaula>1; (5, 1)</jaula>
		<jaula>15+; (5, 2); (6, 1); (6, 2)</jaula>
		<jaula>2/; (5, 3); (6, 3)</jaula>
		<jaula>2/; (5, 6); (6, 6)</jaula>
		<jaula>2/; (6, 4); (6, 5)</jaula>
		<constantes>4(2, 4); 6(3, 5); 6(5, 3)</constantes>
	</partida>
	<partida>
		<nivel_de_dificultad>Facil</nivel_de_dificultad>
		<jaula>2-; (1, 1); (2, 1)</jaula>
		<jaula>20x; (1, 2); (2, 2)</jaula>
		<jaula>2/; (1, 3); (2, 3)</jaula>
		<jaula>10+; (1, 4); (1, 5); (2, 4)</jaula>
		<jaula>13+; (1, 6); (2, 5); (2, 6)</jaula>
		<jaula>5-; (3, 1); (4, 1)</jaula>
		<jaula>2/; (3, 2); (3, 3)</jaula>
		<jaula>3/; (4, 2); (4, 3)</jaula>
		<jaula>7+; (4, 4); (3, 4)</jaula>
		<jaula>1-; (3, 5); (3, 6)</jaula>
		<jaula>2/; (4, 5); (4, 6)</jaula>
		<jaula>2/; (5, 1); (5, 2)</jaula>
		<jaula>2/; (6, 1); (6, 2)</jaula>
		<jaula>5; (6, 3)</jaula>
		<jaula>7+; (5, 3); (5, 4); (5, 5)</jaula>
		<jaula>5-; (6, 4); (6, 5)</jaula>
		<jaula>2-; (5, 6); (6, 6)</jaula>
		<constantes>1(3, 1); 4(2, 2); 3(2, 4)</constantes>
	</partida>
	<partida>
		<nivel_de_dificultad>Dificil</nivel_de_dificultad>
		<jaula>3/; (1, 1); (1, 2)</jaula>
		<jaula>1-; (1, 3); (2, 3)</jaula>
		<jaula>24x; (1, 4); (2, 4); (2, 5)</jaula>
		<jaula>3/; (1, 5); (1, 6)</jaula>
		<jaula>8x; (2, 1); (3, 1); (4, 1)</jaula>
		<jaula>3/; (2, 2); (3, 2)</jaula>
		<jaula>1; (2, 6)</jaula>
		<jaula>11+; (3, 3); (3, 4); (3, 5)</jaula>
		<jaula>14+; (3, 6); (4, 6); (4, 5)</jaula>
		<jaula>11+; (4, 2); (4, 3); (4, 4)</jaula>
		<jaula>1-; (5, 1); (6, 1)</jaula>
		<jaula>14+; (5, 2); (5, 3); (5, 4); (6, 4)</jaula>
		<jaula>2-; (5, 5); (5, 6)</jaula>
		<jaula>5-; (6, 2); (6, 3)</jaula>
		<jaula>2/; (6, 5); (6, 6)</jaula>
		<constantes>6(2, 3); 6(4, 4); 6(5, 1)</constantes>
	</partida>
</KenKen>